"Comp.1","Comp.2","Comp.3","Comp.4","Comp.5","Comp.6","Comp.7","Comp.8","Comp.9","Comp.10","Comp.11","Comp.12","Comp.13"
"1",3.31675081221478,1.44346263431801,0.165739044614419,0.215631187559088,-0.693042840589348,0.223880128259357,-0.596426545807547,-0.0651390947051289,0.641442705766769,1.02095585289663,0.451563395478446,-0.540810413899094,-0.0662386308864542
"2",2.20946491691885,-0.333392887080298,2.02645737380754,0.291358318180673,0.257654634511132,0.927120244133816,-0.0537756128348744,-1.02441595024061,-0.308846752569844,0.159701371978815,0.142657305959661,-0.388237741342522,0.00363650247259441
"3",2.51674014661038,1.03115129627432,-0.982818670212061,-0.724902309444734,0.251033118184057,-0.549276046668899,-0.42420545099158,0.344216131102954,-1.17783447128566,0.113360856744536,0.286672847482569,-0.000583573182540056,0.0217165104042842
"4",3.7570656097732,2.75637191371071,0.176191842199494,-0.567983307775902,0.311841591192416,-0.114431000190744,0.383337297048326,-0.643593498415412,0.0525444214962238,0.239412604950485,-0.759584312093315,0.242019563483647,-0.369483530845875
"5",1.00890849379572,0.869830821417205,-2.02668821923541,0.409765788357473,-0.298457503037651,0.406519600516258,-0.444074462905881,-0.416700470124831,0.326819164778436,-0.0783664819756671,0.525945083224915,0.216664157800463,-0.0793635655067513
"6",3.05025392241808,2.12240111463419,0.629395827043913,0.515637494535848,0.632018733758043,-0.123430557432915,-0.401653758140633,-0.394893421013971,-0.152146076284407,-0.101995816222452,-0.405585315964095,0.379432683894576,0.145155331129124
"7",2.44908966959623,1.17485013164948,0.977094890714198,0.0658305045901906,1.02776190902599,0.620120742556763,-0.0528907284699865,0.371933861833099,-0.457015854845999,1.01656345890131,0.442433410997851,-0.141229844069211,-0.271778184406668
"8",2.51087429739899,0.91807095733378,1.77096902722894,-0.0562703612300115,0.892256976720678,0.129181047901344,-0.12528507133681,0.499577904254273,0.606589197919763,0.174106613164192,0.508932893454421,0.635249335737512,0.142083536075676
"9",2.75362818763391,0.78943767383361,0.984247489518238,-0.349381568311629,0.468553075540897,-0.163391650340852,0.874352244914278,-0.150579502851599,0.230489152193924,0.179420102893956,-0.0124781709940256,-0.550326823221137,-0.0424548533055264
"10",3.47973668273121,1.3023332371236,0.422735216580848,-0.0268417599735837,0.338374778227193,0.182901631458635,-0.248162383760852,1.20661096595,-0.524573973819098,-0.214537585307692,-0.732514613029201,0.0813122666220799,0.122601980848356
"11",1.75475290129459,0.611977228745634,1.19087831963018,0.890164337899762,0.738572659067631,0.553055250422306,0.434266240555294,0.985126537074028,-0.474030480039362,0.22028278040791,-0.0414361527600889,0.162560906920869,0.142769795280472
"12",2.11346234031509,0.675706339142621,0.865086425616656,0.356438010009703,1.20992872343233,0.21507611768923,0.242597176249749,0.461506364381043,-0.878813389632275,-0.0965053642408584,-0.0540464533077085,0.0897465092493762,-0.00493524158769514
"13",3.45815681933672,1.13062987617294,1.20427635253819,-0.16245806285913,2.02312680802039,-0.74578082593141,-1.47577341921309,0.380385755988599,-0.0257021472409046,-0.244652612496235,1.23180089605748,0.77233349092583,0.225821306579524
"14",4.31278390676556,2.09597557534126,1.263912752358,-0.305773189704349,1.02969261292711,-0.795642912957866,-0.999970947317786,0.404891407704513,-0.84034253832184,-0.364432906356289,0.315746121729719,0.142819731583216,-0.0947239558519955
"15",2.30518820082797,1.66255172998906,-0.217902615595957,1.44059002732811,0.469550103602871,0.422213402727443,0.18096750223581,-0.0841166995016669,-0.404457915245105,-0.799655127979285,-0.102684116335624,-0.497795863734459,-0.0659997642266138
"16",2.17195527374151,2.32730533619142,-0.831729865986008,0.912601274860506,0.000114940413646403,0.0665293059470694,-0.10948778178457,0.399434797890861,0.0610552855907109,0.0195138559192052,-0.0783664372551744,0.500797206726189,0.338102781311419
"17",1.89897117656276,1.63136887864284,-0.79491379238107,1.0823803881739,0.438705213844093,-0.364930812697211,-0.0916465692534602,-0.112840257286187,0.382033274942188,-0.401320934242803,-0.309081912159189,0.2638253575465,0.559293518980829
"18",3.54198508194347,2.51834366930665,0.485458507666294,0.910322807033501,1.15307933832517,-0.303877020802792,0.033464213301005,0.0356001184947355,-0.441566009135322,-0.784576972298034,-0.918508307895025,-0.165088081765511,0.51454315185527
"19",2.08452220473031,1.06113799358386,0.164746678499474,-0.484997419252808,-0.882511354396256,1.39301770393502,0.102472180965867,-0.579915265255407,0.0587528006295895,-0.150049301865379,0.835726551212812,-0.287874606526686,0.0587093133614514
"20",3.1244025351672,0.786897105650898,0.364887082988847,0.0255616906154128,-0.972413602265112,0.106921761587267,-0.264762490992919,-0.185601415509819,1.31846230814506,0.362091221094237,0.461220114233378,-0.473458499639806,-0.0277793507862522
"21",1.08657006833224,0.24174355133284,-0.936961599610645,-1.02990984098557,-0.315971695208098,1.21101489620392,-0.296931698253843,0.106451280848517,-0.572699211553471,-0.0924326078186297,0.658829794240581,-0.682689375795676,-0.304644996873858
"22",2.53522407990371,-0.0918406207208775,0.311932659347971,0.0483912355340846,0.42958155807989,1.01494310735245,0.127769646577158,0.0766140508199863,0.108262737385908,0.82551813431836,0.0890824752970967,-0.482101985877872,-0.0449337377595727
"23",1.64498834125447,-0.516278930067233,-0.143885094670795,0.413720024440823,0.375719964759598,0.784505521267452,0.668402183576661,-0.195265441238179,-0.692402356695682,0.471682446547056,0.0325058139017007,-0.483846610356342,-0.343750038187201
"24",1.7615758722693,-0.317148932684379,-0.890285647405688,0.115115611273724,0.556668422113308,0.898748870429842,0.62355086264933,0.342273842924546,0.0949839359929628,0.666430308898352,0.379509035625668,-0.314075903331702,-0.227546635233288
"25",0.990079101608857,0.940667338190635,-3.82090800819484,1.32156119839942,-0.159004708642837,0.265128241648809,-0.481907331412532,-0.0948914845507037,0.110393376796415,0.465958712852476,0.439511238324531,0.109517686444927,-0.058101484766382
"26",1.77527762811337,0.686175134285025,0.086700406488764,0.232906780136513,1.14294268778721,0.571474489218185,0.458028272454416,-0.908721046718417,-0.74226301666819,0.442543956748466,0.0330992173082132,0.208835095954004,0.00216549829296375
"27",1.23542396430991,-0.0898070413606377,1.38689654489644,0.495682720320544,0.37594139852869,0.608088181322749,0.363010312607071,0.236488217797077,-0.734793790597895,0.299431849931407,-0.865859749556614,0.377217387159097,0.00859171604641001
"28",2.18840633445196,0.689569620661627,-1.39456688085036,0.777491811089573,0.810584068901485,0.602072442291013,-0.117932747250675,0.0747956815512501,0.459743634324016,-0.0281066197723202,0.53684719833024,-0.0495784766931474,-0.198699138747366
"29",2.25610898128371,0.191461936886668,1.09265725750829,-0.286152299253403,0.483073256740748,0.335233540347096,0.158350320631337,0.470064299628668,0.137502013648584,0.802359225630748,0.121916515817872,-0.135731205477315,-0.446609400982314
"30",2.50022002578942,1.24083383489695,-1.38601785471568,0.366865220191098,0.622332864118648,-0.582455181983933,0.415997748198908,1.0594353590553,-0.538395411264068,-0.320736731493224,-0.376537574078347,0.609371633319992,0.0859032783385157
"31",2.67741104744401,1.47187364610325,0.332261728375095,0.349353875414873,0.0865943288492129,-0.164829798249116,0.534241930319503,0.531806040133869,-0.787517985888594,-0.218981917561015,-1.07480214366401,-0.00278631487154507,0.272550476369191
"32",1.62857911643092,0.0527044505753262,0.167128706245334,0.749314245672221,0.636062748839345,0.0443185016574278,-0.980329594059378,0.499070726140461,0.131529070197487,0.165569890753469,0.220511044133893,0.204095441526066,0.245775320997086
"33",1.90269086223815,1.63306043476999,-1.17208211917535,2.3404290386722,0.186814051943166,0.327987764000461,-0.983933266280087,-0.512644033394466,0.711721719665658,0.0996087118457578,-0.624861556171258,-0.108725009649955,0.0545375649879075
"34",1.41038852659541,0.697934324611359,-0.479743025168662,1.06008621621779,-0.0991607443896555,0.710249952099958,0.229738932445925,0.227474871437471,-0.396733163874502,0.199957437373688,0.175516652671037,0.21967433725332,0.106910271239315
"35",1.90382623219449,0.176710951095459,-0.450835040037208,-0.28411355233534,0.162949445260646,0.174641725033691,0.657827339364643,0.354728960365074,0.208161662378404,0.336944410410479,-0.198509794549036,-0.2329464778707,0.132754278849238
"36",1.38486223037484,0.65863985366115,-0.458438580852063,1.28465815144691,0.20501159047376,0.620491629931427,0.070378004363387,-0.960747262226589,-0.305284765584373,-0.203352535501733,1.09992058007324,0.147223672422882,-0.061290894677567
"37",1.12220741044131,0.11410976029689,0.0391072766897494,0.956401223275734,0.342211235067627,0.409126309087131,0.408603510589693,0.0293410555975443,-0.853864163928006,-0.31347287278639,-0.00380732442267728,0.402231145278142,0.00575809062905246
"38",1.50219450061819,-0.769432006431006,1.42617734589046,0.757508092537271,0.165844134897317,0.415452260991636,0.0268989521344314,0.0263552507568951,-0.278117565457932,-0.283292556043814,-0.283857779474962,0.179353942828759,0.319315022698445
"39",2.52980109237181,1.80300197606183,0.343152388979691,-1.18697429561546,-1.29789570910378,1.54227076806894,-0.965688286151296,-0.768933589683831,0.721330541652893,0.0226817255295696,1.19352161795381,-0.168888946295174,-0.178287423194072
"40",2.5880954258544,0.779616304192509,0.118477466113736,-0.475971439756687,-0.403322015945715,-0.725183025791291,-0.549131939268486,-0.706028278722274,0.817503563363756,0.324146636245679,0.282363666475964,-0.196634712851878,0.0769364648211646
"41",0.668481993754187,0.169960940619877,0.783362548061146,-1.31308377700397,0.371763417909756,1.32469164136186,-0.0271916876340653,0.326037658643628,-0.285085504254206,-0.0722204429297565,-0.82747580642379,0.0734028126464844,0.428852609504131
"42",3.07080699041201,1.15591895660989,0.312758083934156,-0.550284635467322,0.304125652572969,0.807917418398173,1.01141757551337,-0.929822172775586,-0.218242297086095,0.230089529528023,0.442523859386693,0.186384875241011,-0.0229537457540693
"43",0.462209137516008,0.330742132192275,0.201476496256772,-1.43649386327559,-0.283224877265562,1.02860344685357,-0.57139428135223,-0.565770391994206,0.293299367318198,-0.0781922227193274,0.0707216120603601,0.0495865499890216,0.202056906822064
"44",2.10135193053802,-0.0710089209540648,0.655849415043435,-0.757744838702217,-0.471537726353524,-0.371807976858922,-0.0205481239678747,-0.624333998266944,0.299003055469273,0.429211530942669,-0.471100881767256,-0.0561896225934537,0.0810663744782132
"45",1.13616617756102,1.77710739297764,-0.0287057357847516,-0.691831211774576,0.0609242057519773,1.91386791248447,-0.172697149037331,-0.256713793045767,0.553415991357441,0.187352414440419,-0.594482154899968,-0.0467457388318373,0.0616887740496248
"46",2.7266009636408,1.19133469195719,0.539773261147674,-1.38955067413068,0.496894588327582,1.01099858109822,-0.739429932410636,0.24325406014378,0.446600041305414,-0.111067687820407,-0.0486342665251517,0.203227909064894,-0.152067299636127
"47",2.82133927419225,0.646258599141706,1.15555241072741,-0.987662912324194,0.00997701769071031,-0.290765424702411,0.473914021029972,-0.142212605904021,0.40660262939992,0.253790017124639,-0.122988972142827,0.0852246074106469,0.189288953895147
"48",2.00985085091236,1.24702946067876,0.0572939879399233,-0.230643107040308,0.384651070494782,-0.525954235259762,-0.228518605865232,0.801128283474889,0.115282630475676,-0.0277160810931952,0.103326272900256,0.317946031558105,0.129024352413084
"49",2.70749130426639,1.75196740720634,0.643113612000796,0.100231520063051,0.494713031943243,-0.732278416576091,-0.00761990481705503,0.25127135503722,0.177564350504166,-0.305383744772635,-0.547098024363723,-0.741156937130904,0.548669783524237
"50",3.21491747477382,0.166991994996793,1.97357167990137,-1.12068393904346,-0.012278197312864,-1.23081892970668,-0.260811177362637,0.468046673212167,-1.2324588341066,-0.593318041159624,0.367311701157734,-0.411024568354747,0.0807897950876953
"51",2.85895982671729,0.745278803989591,-0.00471950216469597,0.215276556994547,0.758808494324083,0.192123070033035,0.353746759703,1.07212343954315,-0.986959767931189,0.11415475158143,0.54968478371671,-0.316581935113127,-0.0514632107128519
"52",3.50560435592322,1.61273385603501,0.520774530076176,-0.106536423664632,0.601684443929163,-0.183544365910754,-0.151872629292952,-1.42110246227998,0.402808591886111,-0.424847616456097,-0.292077377920521,0.0898716639262522,-0.131023039243984
"53",2.22479138053217,1.87516799956303,-0.339549850354209,1.20696657934188,0.576644248803584,0.245954681388055,-0.465160661535357,-0.399276809516406,-0.31529425773024,-0.0824826935907015,-0.309257462202478,-4.53026126533695e-05,-0.159648950159247
"54",2.14698782356387,1.01675153775766,0.957762761950328,0.240318190218861,-0.880104504403647,0.361774996426695,0.411947876232095,-0.289567860645396,0.280536576108401,0.454776113043056,-0.172427083665384,-0.178645053775141,0.296115539024057
"55",2.46932948379779,1.32900831064962,-0.513437453035969,-0.255348620716653,-0.912140102209772,-0.554869465207141,0.358400726243198,0.537522826859606,-0.135646311409021,0.155886625603543,-0.332838874561032,0.170229251244049,-0.241739524016563
"56",2.74151791427745,1.43654878351252,0.612473395716959,-0.205747441026206,-0.434263863439513,-0.115997768392301,0.0392293524776021,-0.351387419273647,0.93308727319969,0.346852389928716,0.0426788880113323,0.0540010995719948,-0.162486057540639
"57",2.17374092096531,1.2121998406978,-0.26177959277079,0.504426086079639,0.695421813036028,0.256983736930149,0.219063576418555,-0.611844849793083,-0.838987088039894,-0.455318958919524,-0.0837210255909545,0.125583926379605,0.111564795751913
"58",3.139380151829,1.73157911599251,0.285661412616451,-0.230567212483285,-0.0750408360722027,-0.351562168111392,0.843075292096373,-0.626277660032851,-0.414635628481381,-0.202708952917205,-0.259871460559004,0.557710112603001,0.16409803523636
"59",-0.928581968921854,-3.07348616318893,4.58506400714821,1.0518443905458,-0.45712412350464,0.388252661958696,0.0922715589748256,-0.677809213379918,0.375972789046228,-0.415308967536452,-0.365744704463315,0.602295018601077,-0.492334824858913
"60",-1.54248013789688,-1.38144350809423,0.874683112445808,2.89011974615742,0.978008324707847,-0.0350111562789957,-1.0588530200461,-1.07537578968523,0.275997402315307,-0.582157246974182,-0.148495278828047,0.302815932372659,-0.102793709532715
"61",-1.83624976346694,-0.829984123055718,1.60570218632062,1.45210485318885,0.29407579735763,-0.684116709312341,-0.254143544016927,-0.982453316869407,0.907272219608095,-0.571922436115554,-0.150555863343866,0.0840566578714986,0.316760246226347
"62",0.0306068340866801,-1.2627861442114,1.78440801041886,1.20657607056354,0.393604322129755,0.607087060642127,0.570983376754355,0.619863785920799,1.20195841788092,-0.305202225462872,-0.252619663100635,0.140830506078701,0.163748292215627
"63",2.05026160757632,-1.9250326046501,0.00736877734981825,-0.721321902736732,0.08112664847441,-0.764526154532565,1.0758373366225,-0.298548568054893,0.611057059523305,-1.40745984221759,-0.00825832102819812,0.230873955481268,-0.386266973478364
"64",-0.609680827177622,-1.90805880508519,-0.679357937977537,2.15307609083589,0.0499025512311143,0.191365511920553,-0.503121065826612,-0.0158153066269059,0.329141447707857,-1.04858514172826,0.882293837134303,-0.291177561840237,0.0297728193503653
"65",0.900227838707144,-0.763911473609608,-0.573361302097192,0.679361634286871,0.142633048510938,-1.01753224471971,-0.1933127422838,-0.0931602934610338,-0.590774103300034,-0.680026432238316,0.808629501307504,0.204019698075577,0.126470105520564
"66",2.24850719079839,-1.88459248455013,2.03184019286759,-1.40762723431715,0.732006956046047,-1.30339852832174,0.344718768320332,0.176787941120742,0.807628059933182,-0.375917632217962,0.154950171137712,-0.179518174038629,0.119966044379277
"67",0.183384026684757,-2.42714611470357,1.0697455602478,-0.127417971984907,0.534573559053973,0.070000882251529,1.35476535655427,0.226307354468994,0.402396082062026,0.10680268938144,-0.479750153483213,-1.09953172612511,-0.0157893080275134
"68",-0.812805027352072,-0.220513986902268,0.707005395800966,2.48898957762065,0.583559831112181,0.317439644604817,-0.367091750596487,-1.24659885534737,0.996851897355071,0.128028549234486,-0.23247764840673,1.00090474631536,-0.285736154098561
"69",1.97562049879855,-1.40328322530961,1.23827621968486,1.15230648886626,-4.18665674222053,-0.492997545297227,-1.45654558769678,1.04247729529841,0.374379109028994,0.416113425709046,-0.231471999514792,-0.722827833672349,-0.49676742806991
"70",-1.5722162196263,-0.884983136908222,0.628997950231593,1.17184640713894,-0.965344569769002,-0.269410101504154,-0.150821798703821,0.719806855057852,-1.08933790024579,0.671343585600462,-0.228398012520956,0.454526374339763,0.379610297576302
"71",1.65768180883329,-0.956712197459146,-1.9525842166062,-0.15220891160111,0.787161183114335,0.316224955461817,1.49163056293691,1.53094955724335,1.15872356220597,-0.70438903619298,0.738243648132135,0.463575655975317,-0.339556353343851
"72",-0.725372388035354,-1.06364540070609,-0.0803322286154363,0.0760194311796696,0.18016577036873,0.544316690013566,1.59890131225717,1.05229969127974,0.898099457017593,0.388059123926307,-0.0974932996033354,0.176633120736067,0.260786152091699
"73",2.56222717317036,0.260198550654599,-3.37439396223976,0.979399432362172,-1.98079860063005,0.312039634421395,0.449393023278505,1.13063252472156,1.11192765616231,-0.133979051636864,-1.78045548803131,0.107658678976419,-0.249320871281618
"74",1.83256757004955,-1.28787819786052,-0.458280027399558,-0.171350753516948,-1.00122223342296,-0.0778578263863435,1.37563897106241,-0.529011394527339,-0.451631977917648,-0.240099628149355,-1.07276936159502,0.464761174497052,-1.01815697328663
"75",-0.867992903195411,-2.44410118558086,1.56333317895038,0.83145985938468,-0.707979980534586,-0.112363751843955,-0.423180751711587,-0.0648948165195798,-0.216239495169759,-0.942926609322472,0.173029721065595,-0.59976406062091,0.272452795532318
"76",0.370014404294783,-2.15390697515699,2.44938634830374,0.126159044475069,-0.0952998422601281,-0.556923532439245,0.647813796876606,0.739811909115395,0.781206976594275,-0.471099058986457,0.384118810268462,-0.222017640691055,0.250435417437626
"77",-1.45737704490614,-1.38335176907626,0.227306902327303,0.696356870373803,-1.06736218256381,0.818769779854858,-0.934260754569529,-0.855288193986387,-0.0488080417533295,0.0718929307803899,-0.0618061324813238,-0.34482910516941,0.118815023914399
"78",1.2629308497285,-0.770849529970115,1.18422451737524,0.92588224371151,-2.61359304471357,-1.59779571825224,-2.01375827444077,0.172479135123778,-0.156502933639754,0.576170358200417,0.38468351367387,0.187219744405776,0.115117035093118
"79",0.376150371934242,-1.02704340335582,-1.79446629454266,-0.97854452725602,0.136569188312443,0.661153186523622,-1.19321287597905,0.333251188459202,0.799684549663771,-0.585932182820996,-0.264191486985141,-0.0133402764945559,-0.0656224286129616
"80",0.7620639041096,-3.37505380996353,0.357470055539465,0.366732914518654,0.154440572676457,-0.245241985145411,0.419916457829703,0.241435806063422,0.673059116035538,-0.665450790738608,0.122813482279666,-0.486202704315796,-0.142107626873573
"81",1.03457796716519,-1.45070973824409,0.363011773163961,-0.296595780449897,0.305887237362574,0.100338063358926,0.459299546376183,0.605595928304418,-0.291067459515048,-0.100076774397674,0.133453442416231,-0.361037650718583,0.161063991236598
"82",-0.494876755680326,-2.38124352676737,-1.33574317628487,1.04097884424736,1.04212663406085,-0.112774696900045,0.646410196178571,0.948629614824938,-0.530395763293545,-0.134764851368998,-0.127548724427054,0.0419301694472068,-0.317274985993672
"83",-2.53897708429512,-0.0874433573049828,-0.474251392769149,-0.758601454236426,1.12781647525107,-0.180686668094185,-1.15629863582846,0.502216040665998,0.201123026972004,0.149715491275607,-0.0363337379054288,0.196326499921933,0.589140933759856
"84",0.835320145394299,-1.47367055140087,-0.610093575692107,-0.582951877725422,-0.899184783591788,-0.88252787399979,0.833096910285773,-0.560858401490445,-1.21226817646997,0.842616825463623,1.26000422855834,0.212384185485639,-0.331205264439405
"85",0.787904614989711,-2.02662652246248,0.25472340396955,0.809418080431567,-0.258852542348442,0.157805963799031,0.270024381117764,0.147074256284086,0.518612283672846,0.134731432172718,0.602148248535656,-0.26948924524747,-0.280314801674145
"86",-0.806832155965537,-2.23383039084391,-0.772855797198265,1.01371574693183,0.291862298737719,-0.349593875982876,-0.256929716011158,1.05771120830139,-0.0659241332338291,-0.491731961858801,0.0210849990547242,0.0894191618738092,0.150094722224887
"87",-0.55804262487568,-2.37298542884945,-2.307611404012,1.0353203058237,0.47693950799759,0.237567089691499,0.491700748060066,0.866473633810789,-0.414796667828762,-0.14407059087713,-0.317473579028658,-0.790991680929958,-0.311059812973551
"88",-1.11511104191944,-1.80224719166545,-0.959253307688655,0.331283791153021,0.731510061869397,-0.0579460759674236,-0.0877741594299966,-0.312517566657811,-0.904675489352206,0.305546068273318,-0.320528892540816,-0.152223293259444,0.007553389741567
"89",-0.555722829951699,-2.65754003539229,-0.849126897743225,0.00319764132703085,1.34625700193927,-0.0406142866281481,0.761200995750693,0.436108291905417,-0.350664846286338,0.679704466835444,-0.618873063164571,0.0738712940619366,-0.37660893204751
"90",-1.34928528244373,-2.11800146978482,0.0476523208486914,0.466250566954132,0.890545972986606,-0.496589722689438,-0.756290067113986,0.121764728518643,-0.618036855255595,0.191757908612623,0.67012046754695,0.180179504252725,0.131627942841229
"91",-1.5644826057199,-1.85221452176555,-0.781067030934633,0.605079391027323,0.516465365181216,-0.732017319961171,-0.137641667466398,0.443681156529647,-0.415682571543352,0.593263158167295,0.408378374457815,-0.444612211814231,-0.00624812367722622
"92",-1.93255561063146,-1.55949545689862,0.0892746761086779,0.522569356857566,1.17369757078995,-0.905961402456821,-0.538871477733435,0.548033921691944,-0.132224718324605,0.735090024196195,0.435028332093149,0.459870075166845,0.503940141828221
"93",0.746665941988451,-2.31293170922074,-0.114679768745416,-1.24853870399039,-0.262936874502949,0.516687890073712,-0.208782096526171,0.195717068762607,0.103710702196507,-0.406134171273917,0.796421670646447,-0.256746164598198,-0.363438345550852
"94",0.957455363803643,-2.22352843466746,-0.142444773698726,-0.314042947038553,-0.9441427116782,0.382826495469548,0.758109285120962,-0.902451848144063,0.0966120474947388,-1.27431238620901,0.172731768291124,-0.216414539878412,-0.676128210873567
"95",2.54386518419955,0.169274022799743,-0.788696990745479,1.03283704270026,-3.73107920523574,-1.35167858263339,-2.64407049917808,0.533110186654868,0.158157214224921,0.529676563899282,-0.238756149538839,0.456001879173077,-0.106389472713174
"96",-0.543952588776227,-0.368926545877317,-1.30889593185686,1.2779985588465,-3.34679071525626,0.709493887820947,0.351859024226496,0.113661972140497,-0.998125676590601,0.0568113646888164,0.677670579739713,0.215726966273536,-0.488841424525543
"97",1.03104975038815,-2.56556934873352,1.08639017381774,-0.263860984784339,0.189844014979937,-0.402685319725969,-0.0134538807227897,-0.0352722527548571,0.180746458569839,-0.729544552887384,0.394138470397077,0.0666763010220278,-0.0284200149478015
"98",2.25190942214812,-1.43274138035425,0.230208243797816,-0.921171096543845,0.239922931820931,-1.04234774266311,0.871626210937148,-0.76034249060181,0.23651828409722,-0.942916631744651,-0.49772166308363,0.585075802960254,0.295236430124416
"99",1.41021601533746,-2.16619176937038,-0.74889641077088,-1.19561118805982,0.709857212476739,-0.610618652833196,-2.09207873149764,0.587037551180503,0.128250172071648,-1.21120369895881,0.618168176275048,0.0819767208515876,-0.0114510834840635
"100",0.797719792693042,-2.37694880308186,1.56811253127553,0.0348163602210929,-0.617091397069982,0.287645870163346,-0.282092967047979,0.378992132798077,0.113008512221837,-0.616158226353398,-0.970669440411345,-0.640903196678925,0.173765602635634
"101",-0.549531726649463,-2.29312864324562,1.49893532320108,0.307038671051477,-0.326010934253232,0.150757814553077,0.411790847501279,0.799762134083489,-0.0514987111041749,0.668451375344207,0.0310485048752491,-0.122390659170311,0.125720563928253
"102",-0.161173739948543,-1.16448332156002,-1.00371310283736,-0.66168622388068,-0.301185141736616,0.66052004689011,0.498021349628961,-0.961231139434388,0.324556637711584,0.60273645238169,0.0248957796665303,-0.0480827157092406,-0.22578909539662
"103",-0.659794941684358,-2.67996118598963,0.764920868479514,-0.469954773554966,-0.144470384637713,-0.453646797090984,0.0476687364709523,-0.443006565501809,0.231322389506785,-0.103370212468034,-0.675848987560605,0.567721218189346,-0.229590672391912
"104",0.392354408185084,-2.09873170876553,0.471850007609739,-0.437056574738574,0.303810454580233,0.249314151634045,0.453196451661706,0.39993608812591,0.17535702533196,0.739343194232187,-0.721455633864635,-0.511981788018577,-0.128263530636001
"105",-1.77249907796003,-1.71728846937614,-0.947033174460867,-0.259512586068054,1.00482549105016,-0.106020753309524,-1.07904087065793,-0.410783102233521,0.766718271909169,1.42210384889759,-0.0128353282331753,-0.551669443378552,0.560696959672276
"106",-0.366267357352063,-2.16935329782928,0.481324234742291,-0.398400461672747,0.469051313721842,-0.19448661963032,0.240275909532709,0.286413734392165,-0.338193033724017,0.650405292425802,0.278082753842689,-0.606568056436759,0.343873618895913
"107",-1.62067257278748,-1.35558338802596,-0.287159000695617,0.0260245459881757,0.569352548263753,-0.581167769190107,0.0776158716411184,0.689411101760554,-0.0538644653476079,0.921637733109657,0.259797139085371,0.229002665657395,0.671770205633883
"108",0.0825357834933296,-2.30623458774832,0.463574989373954,-0.890351023457953,-0.340576551637618,-1.11250462419375,-0.210366676299598,-0.302031746910655,0.560568006735366,0.810110537628445,0.0639540306335614,0.180645072094969,-0.0364623274434861
"109",1.57827507093238,-1.46203429020482,-1.77964595473328,-0.613584423990985,-0.287981736260079,-0.797318169342248,0.281237455509339,-0.617053232002256,-1.26483533746029,0.312305601413301,0.597287485017653,0.233669832179363,-0.201579496071997
"110",1.42056924782402,-1.41820663763375,-0.139275829488193,-3.43053946097484,-2.19688433681323,-1.45711600680294,-1.68202612125847,-0.0349825065900368,-0.550498889369045,-0.193239431058605,-0.744560959535011,0.623222595732322,-0.361022705305974
"111",-0.278702753648853,-1.93056808867047,-0.0786705530472339,-0.928520740796539,-0.26149577818835,0.67999700483103,0.847593729989838,-0.289058173856679,0.594045931030569,-0.175470256539587,-0.0895856961399285,0.594738494582166,0.0652817210635524
"112",-1.30314496624828,-0.763172313657792,-1.99959651048686,1.72583588017112,0.734906272916683,0.486719882833863,-1.13327663158203,-0.844958547632689,-0.702246939108091,-0.506303162919969,0.689245397598627,-0.709939134681295,0.379028244459049
"113",-0.457071865652623,-2.26941560758967,-1.06133896759267,0.837432054380379,0.323450841267276,-1.00311668344109,0.504430994587803,-0.741034178037797,-0.423270864480611,-0.506966512456099,0.157511598285178,0.327821795624965,-0.203656758562514
"114",-0.494185847044373,-1.93904504948683,-1.32393807237669,0.0615972483011143,0.848907528885869,0.0331775588864522,0.982133162168397,-0.958456568571101,0.372765102590288,0.366882642533661,-0.110609822250659,-0.0185540672769546,-0.0142184169529656
"115",0.482074409773095,-3.87178384840724,-1.34427122339307,0.899910492207952,0.932357726176347,-0.96936992787665,-1.40310791695983,0.678791472444446,-0.0971940637665579,-1.3541870014702,-0.293548822462275,-0.723256607950442,-0.272034592510967
"116",-0.252888877653198,-2.82149237470159,0.30263978453064,-0.45796710142113,-0.371087250247172,-0.0482645241166955,0.568165672625608,0.142282469214909,-0.161244166020379,0.843829597360408,-0.473157815616858,-0.293715716379262,-0.186853478239548
"117",-0.107227637729122,-1.92892204256696,-0.690148242507513,0.2737224840847,-1.07109693071842,-0.0372212163813622,0.0127020584341425,0.360524238734533,0.817549614061474,0.454459902753022,-0.00346493461880859,0.00984434098815752,0.30474023220465
"118",-2.43301260255022,-1.25714104049439,1.90302740441135,-0.869731905275605,0.468142634134516,0.827955964453989,-0.2419429885727,-0.63795495401558,0.126744749944345,0.174772734855753,0.325859787382306,0.302959062809192,0.309316447243981
"119",-0.551089539174649,-2.22216155077662,0.356228830212535,-1.36331988729496,-0.216715597814676,0.572416827598274,-0.965927615865401,0.193644217885378,-0.48891793570723,0.465624708761278,-0.313591141606228,0.01616614106996,-0.0988271011576286
"120",0.739621928568224,-1.40895666736571,-1.12534549200424,-1.2051114675926,-0.429921232875841,-0.105846209136123,0.205026188294109,-1.39346657654048,-0.646925575988852,0.2116203537126,-0.380169704232139,-0.140727190460688,-0.0636658463205719
"121",1.33632173341833,0.253336931168305,-5.34538817919575,-0.239037512606203,-0.236502548401223,-0.800979302215339,0.600401910365351,-1.77877828577513,0.416032277759491,-0.25181094262521,-0.144842998895975,-0.848822969851962,1.53342264181787
"122",-1.17708699624777,-0.663966839801572,-3.01022188794643,-1.16613695648227,-0.332728686334155,1.17962543800565,-0.61255052730345,0.250253264012797,0.286953416001829,0.171044075666332,0.0271771376772698,0.00126717599190794,0.145507525890611
"123",-0.462335008019677,-0.618288179485042,-0.483442366344182,-3.57672435708191,-0.128821447588231,1.51522097216468,-0.76276160486096,0.249347490923952,0.472541422762608,-0.233266435205689,-0.201050495517063,0.358636536902531,0.316099176874546
"124",0.97847407935665,-1.44557049889583,-1.48123697499595,-3.79033509126328,-0.499810258497755,0.119288906238459,-0.180769069501245,-0.100170484330274,-0.792486693088402,0.017304767720139,0.455786247590323,-0.0292346634827289,-0.160781588686841
"125",-0.0968097263159834,-2.10999799313522,-0.434826115616789,-1.05469527887583,0.311444426425644,0.110134799389566,0.533264601579708,-0.841777971697284,0.443027892490057,0.294532337923269,-0.388469718301573,-0.0499013951948275,0.297096952724124
"126",0.0384871459490267,-1.26676210915788,-0.687577912872809,-1.27288418361694,0.353052179891076,-0.973908109215217,0.816793178880771,-0.980231868600717,0.51969270886451,0.446300571319574,0.0187722549689187,0.568123955243968,0.648054880973547
"127",-1.59715850120747,-1.20814357412849,-3.36117555538643,0.219277552817026,0.640763433222579,-0.866134781635649,-0.138615393249871,0.112857928655105,-0.16427012034186,0.232585038736109,-0.35185955611037,0.364777114732463,0.471857250519448
"128",-0.479564916083123,-1.93884066039405,-1.29650751882967,-0.686976225080823,0.0604852193512047,-0.684161079670317,0.410575923229768,0.301097780603114,0.415383811502738,0.609290300454578,-0.0597654347620259,0.612399798351947,0.462269709456241
"129",-1.79283347303114,-1.15028810444211,-0.782800173182266,-1.47877896583431,0.504217972906511,0.995494927909211,-0.318507585687437,-0.253090230699367,-0.725164100414307,-0.085458060656086,-0.41929551338582,0.259006006711035,0.10611807580145
"130",-1.3271016561416,0.170389232049028,1.18001335530948,1.50170980567447,-2.30529032618818,0.152852928735212,0.825817432819042,-0.275051223872809,-0.174014323363684,-0.0274526472841151,0.541375812258693,1.02507833296369,0.342289152978864
"131",-2.38450083474353,0.374582605524692,0.723822594811662,0.308194983450449,-1.33963198483746,0.720032094280921,0.929819982282832,0.141487217718747,-0.362416829974602,-0.473506205915,0.551125553677596,0.394260200141138,0.471794983085292
"132",-2.93694010214661,0.263861830068379,0.16763981598372,0.408773421791782,-1.08780606143987,0.0942757194726038,1.60365307361004,0.573038640235072,-0.351437718414855,-0.00124454545045664,0.00548685295229456,0.520896593454717,0.615958026814378
"133",-2.14681113381606,0.36825495188646,0.453301301469185,-0.0485275650545233,-1.72663204662481,1.03163969723674,1.00854385656797,0.287391260755074,-0.419778202417252,-1.0611650544194,-0.0595793287492485,0.689564558328684,0.189315056151115
"134",-2.36986948833304,-0.459634809231166,1.10139978859206,0.856777335294027,1.06700653951401,-1.43074077360449,-0.339543881540748,-0.848689977444609,-0.315881065365784,0.369056117128223,0.0166769439969525,0.667925450769536,-0.471895047149303
"135",-3.06384156872035,0.353412835458402,1.09912410411534,0.74039813208694,0.737708034042038,-0.841056597283834,-0.716569973529427,-0.748959434273593,-0.0995239599372956,0.192145601554106,-0.400725124005711,-0.167667143169544,0.0737063931724272
"136",-3.91575378371189,0.15458251944173,-0.22182779984105,0.00906832745300605,0.362728736383918,1.12481120817992,-0.897341155640157,-0.20305141420188,-1.20247012050163,-0.45008893754181,-0.194093622118899,0.577481508644447,0.0284701252734164
"137",-3.93646339071596,0.659687233409779,-1.71221541921454,-0.545483800780572,0.537324815160596,0.890623180336655,-1.46597145857496,0.0626552933230175,-0.0646527779078404,-0.596865427146085,-0.441205517775852,0.0706087280376806,-0.163212473069359
"138",-3.09427611776228,0.348842759273795,1.02683141342245,0.0713492079652094,1.05934985709495,0.386957343060644,-0.77238860776694,0.146331892315551,0.528104599757737,0.138954336547976,-0.126609770600085,0.0841833729164423,-0.141482436152613
"139",-2.37447162800692,0.291980351559993,-1.24191433283056,0.748805539599488,0.415579112813723,0.426847482757279,-0.0734762326512758,-0.331741070086371,0.538971281340991,-0.0825022140995508,-0.543320661455856,0.220573528021917,-0.761041714785197
"140",-2.77881294763251,0.286804872882173,-0.609670123972374,0.879346885852035,0.554423936092619,0.735758879210649,-0.010212213187763,-0.434814578201202,-0.152203467601036,0.743502629807589,0.417172529746426,-0.0528076424783277,-0.389292114469992
"141",-2.28656128473847,0.372507844685298,0.971643032360854,0.371437735957369,0.338092368207578,0.912818782319429,0.964797725534327,0.150280204706353,-0.242059674068585,0.924761293303112,-0.0796573357440528,-0.237738324830079,-0.287075175493891
"142",-2.98563348744947,0.489217908347011,-0.946952931799971,1.03622558567492,0.585146742999027,1.22767350713231,0.231621084861763,0.320651879873603,0.510139743066912,0.262916645157993,0.352054490607737,0.246375081559047,-0.279191071685553
"143",-2.37519469822711,0.482333717244877,0.252883994053332,-0.671149263813377,0.628091905042064,1.56034043731878,-0.9720657279675,0.374572395645705,0.515371987111525,-0.509773055798532,0.0762433750474587,0.281320058497208,-0.39009521542683
"144",-2.20986552559587,1.16005250415764,1.24512522592106,-0.318838188127698,-1.68869339810732,0.331074543711072,-0.00935774457165277,-0.286894465335707,-1.00039141491234,-0.210543078746688,-0.496945292527187,-0.99391857759699,0.0375344488849164
"145",-2.62562100469272,0.563160764210834,0.855961081803375,-0.275684026100168,-0.651112208228152,0.447319617281827,-0.576652183028552,0.399030620243408,-0.323479764587231,0.761670199693679,-0.641086153840188,0.86579896918538,0.0276471097125096
"146",-4.28063877875109,0.649670964023704,1.45819696163857,-1.1281643024386,0.359554250027466,1.61664389420531,0.0753207221518058,0.764067914807922,0.0987443123924925,-0.0238446412939642,0.596376190225648,0.659791815510221,0.290801478704087
"147",-3.5826413720011,1.2727027497273,0.110784037624726,-1.04990904456201,0.523551899588895,0.600173600717561,0.18846582342876,-0.421345956228824,-0.424095444836763,-0.150934053311287,-0.222078107257179,-0.281081685002836,-0.1566075719452
"148",-2.80706372008166,1.5705337870412,0.472527934572086,-0.627358450346535,0.260172996928923,-0.55324291264642,0.449464171862061,-0.122872978015984,0.0446270372726381,0.0218680592952193,-0.178734442707551,0.15850886329444,-0.235665956427501
"149",-2.89965933302391,2.04105700793846,0.495959810235092,-0.471155615438855,-1.43887720909906,-0.178543411242059,0.393519861138093,-0.0460586548714382,0.0904773703024265,-0.610527033101206,0.0765793221082575,-0.352860577672439,0.750324520053593
"150",-2.3207369765492,2.35636607555667,-0.437681743618764,0.0522597755405003,-2.23442719405308,-0.0767785421749488,1.27343869897732,0.466468426624697,0.304649421448498,-0.422941851081566,0.582788598539342,0.177243407213819,0.740024624096532
"151",-2.54983094722614,2.04528309101952,0.31226799865093,-0.386971682230731,-1.84752261619789,-0.980029147535794,1.62719166384432,-0.269663249378847,-0.147802199029521,-0.432655079212658,0.413786860783439,-0.59246697432584,0.464577197080177
"152",-1.8125412848423,1.52764594626875,-1.36258978158787,0.189395906034891,-1.74938719731836,-0.970291517698494,1.54185079783675,0.0794907138061263,0.36877438929353,-0.303068747103635,0.459192720914319,1.0016768158445,-0.22325812241247
"153",-2.76014464192395,2.13893234764261,0.964628688200679,-0.668386111927797,0.477041692574344,-1.80211344122132,-1.01840606128519,-0.371759118346056,-0.0133065111929613,0.0959791964662574,0.121312205321398,-0.443859742315116,-0.0571833904844794
"154",-2.73715050066799,0.40988627088179,1.19040468396698,0.663045204322944,-0.459036776702385,-1.88189025597189,-0.0233382024932348,-0.393195786973928,-0.00228950696617095,0.837826047595983,-0.359701030495625,0.0122051641524023,0.086633983418155
"155",-3.60486886818342,1.80238421758396,0.0940368613359711,-1.26884047351373,0.609465331930729,-0.191932795811265,-1.4184227681318,0.197875343080864,-0.174663771689809,-0.186591210616508,-0.579345153121868,0.00362020546264612,-0.0086664611502549
"156",-2.88982599687351,1.92521861313034,0.782322555508447,-1.32472540077689,0.571242954760552,-0.430605674680707,-0.217855740352304,0.13700216837059,0.349341518907993,-0.145188752214382,0.661439320915488,-0.0424872499356257,-0.176570940200211
"157",-3.39215607683572,1.31187638847359,-1.60202596890002,0.482842144129788,0.670871384463433,-0.803565487289691,-0.0958365162623499,-0.107767183377701,-0.430312435827007,0.310390383350636,-1.31924565270078,-0.0207728866391638,-0.215990927486614
"158",-1.04818189685368,3.51508969121973,-1.16003856591323,-0.935329394420915,0.89944853461486,-3.28428130815532,0.642463357419894,0.522336080434016,0.943266907974336,0.351884322736787,0.281838670299008,-0.0882626971162049,-0.815179624236163
"159",-3.14313096674397,0.738161044175794,0.0909987239222222,-0.980647845485669,0.409813518877807,-0.398922333495395,0.0740312244223496,-1.09319033369384,-0.155797823195945,-0.621054512398741,-0.467304286989091,0.113177863537009,-0.318834464599363
"160",-2.24015689626954,1.17546528811886,0.10137693249612,1.16527871633148,0.264449292193152,0.801038761571631,-0.539882692712696,0.132604242717569,0.555590283205643,-0.246821033856302,0.222061619838458,0.102126786993192,-0.438509438302787
"161",-2.84767377611952,0.556043965882672,-0.804215218101031,0.897888066259541,0.254801316724386,0.288568035023447,-0.867762397197608,-0.251984099962607,0.3186105921277,0.252622254210862,-0.00684146027802762,-0.316639483596134,-0.229248065594327
"162",-2.59749705664876,0.697965537200918,0.884939521130632,0.274228747682536,-0.772235497188658,0.719842430248937,-0.272500252587443,-0.260541555525003,-0.339492104492431,0.224802276832042,0.212659411933024,0.16880213089973,0.0574922151422214
"163",-2.94929937313485,1.55530896428398,0.983400727224941,-0.0154803469258721,0.364082110484984,-0.49120599373323,0.98593509021419,0.785797319195269,0.356328468727894,0.00765451769240892,0.073690641447505,-0.47774489570387,0.101276158340552
"164",-3.53003226634931,0.882526796204235,0.466029127778539,-0.58078962457086,0.668959719993087,0.458814307480769,-0.522220668108745,1.07512761554816,0.486439437936595,0.0342766463622326,0.00626878361638211,-0.120475326093965,0.081087940434372
"165",-2.40611054047855,2.59235617504239,-0.428226210799579,0.184335091605708,-0.447661123770732,-0.569506268383682,-0.0358020691051119,0.673245046872264,0.168007015558948,-0.865855353312562,0.0974451005481569,-0.799652813486973,-0.0904932437118305
"166",-2.92908472696746,1.27444694790448,1.21335827150515,-0.295316046946563,0.267349927587695,-0.381213110267673,0.644320736103223,-0.00055291168721185,-0.502531084110851,-0.600024335053038,-0.0756383193891157,-1.07965621725631,-0.112991329064787
"167",-2.18141277881262,2.07753731273451,-0.76378255155812,0.389593321899455,-0.359873602040305,-0.629567788305227,0.753322347559879,0.926073691831736,-0.109833537409919,0.216634346094913,0.225213935589735,-0.153082444976235,-0.148495696609028
"168",-2.38092778713564,2.58866743241859,-1.41804402949681,-0.588501935519891,-1.12799680900438,0.983644964697539,0.930472642656075,0.294004869795273,-0.00252567209796214,-0.708789582010464,0.152390855988262,-0.251602326951719,-0.396027659461585
"169",-3.21161721504125,-0.251249104425593,0.847129152128499,0.217065354665474,-0.609095214710334,0.395377731434441,0.29184930036136,-0.582906271011345,-0.597123236652689,0.15492549714011,0.199175754972265,-0.245444906074603,-0.0238977868542058
"170",-3.67791872097382,0.847747844149761,1.33942023108552,0.125175865152715,0.486111932691852,-0.857959210053274,1.02564001766349,-0.676087024404065,0.0206232560605555,-0.0273369612413032,0.128990031894452,-0.804591630025205,0.0259686751938179
"171",-2.46555579804045,2.19379830365409,0.91878096042649,-0.0180249950000515,0.701209521570543,-0.68085500272965,0.829199119988057,0.296516130974582,0.326836232789834,0.274158728383241,0.608722849392081,-0.0986407767044557,-0.259198312088791
"172",-3.37052414544286,2.21628913986113,0.342569512414321,-1.05852683873118,0.57416389923467,1.10878842012179,-0.958415833369245,0.146097467497766,-0.0224976549473188,-0.304117361043073,-0.139227639907663,-0.170785909373179,-0.114426610121303
"173",-2.60195585122474,1.75722935097927,-0.207581354981252,-0.349496421546559,-0.255063177733838,0.0264653774777375,-0.146893546825078,0.55242704067332,-0.0979693752483382,-0.206060786771968,-0.258197748298667,0.279431053471707,-0.187371278369106
"174",-2.6778394608645,2.76089913167454,0.940941876676993,-0.312034746264956,-1.27135500296127,-0.273067923512996,-0.6792354057331,-0.0470238043062675,0.00122214686802377,-0.247997311854375,-0.512492024756616,-0.698766451450232,0.072077694811561
"175",-2.38701709127972,2.29734667971282,0.550696197011085,0.688284547608549,-0.813955219046392,-1.17878297735291,-0.633975270505914,-0.390828774037601,0.0574476725481038,0.49148950164672,-0.299821967992533,-0.339820653702027,-0.021865760500501
"176",-3.20875816419802,2.76891956604757,-1.01391366411311,-0.59690318606432,0.895192587951396,-0.296092184127425,-0.0057412570975274,0.292913734266159,0.741660422915858,-0.117969018887851,0.229964331118423,0.18878796287918,-0.323964720451634
"177",2.05943687143791,1.60896306836351,-0.146281883061559,1.19260801029221,-0.076903493810016,1.43980621697011,-0.0323755923259295,-0.232978953741215,0.123370316340703,0.735600047160285,-0.293554858672723,-0.379663026070423,-0.11016378664037
"178",-1.60991228284794,2.40663815957433,-0.54855969724071,-0.754309683980702,0.995206846174175,-2.91947705859461,0.711056113717061,-0.137527652559494,0.189548861655914,0.0799471007383397,0.366762919710318,-0.0857390136735166,-0.812561221715941
